run,cenario,N,tempo_ms,gflops,gpu_temp_c,timestamp,observacao
1,rtx5060ti_cublas_fp32,256,0.055904,600.2152,39,2026-05-09T12:05:34.324124,ok
2,rtx5060ti_cublas_fp32,256,0.043840,765.3840,39,2026-05-09T12:05:34.324218,ok
3,rtx5060ti_cublas_fp32,256,0.045984,729.6980,39,2026-05-09T12:05:34.324299,ok
4,rtx5060ti_cublas_fp32,256,0.039520,849.0494,39,2026-05-09T12:05:34.324366,ok
5,rtx5060ti_cublas_fp32,256,0.040416,830.2265,39,2026-05-09T12:05:34.324432,ok
6,rtx5060ti_cublas_fp32,256,0.009664,3472.1060,39,2026-05-09T12:05:34.343403,ok
7,rtx5060ti_cublas_fp32,256,0.041600,806.5969,39,2026-05-09T12:05:34.343477,ok
8,rtx5060ti_cublas_fp32,256,0.039008,860.1936,39,2026-05-09T12:05:34.343542,ok
9,rtx5060ti_cublas_fp32,256,0.039296,853.8892,39,2026-05-09T12:05:34.343606,ok
10,rtx5060ti_cublas_fp32,256,0.037504,894.6895,39,2026-05-09T12:05:34.343668,ok
11,rtx5060ti_cublas_fp32,256,0.012480,2688.6564,39,2026-05-09T12:05:34.363035,ok
12,rtx5060ti_cublas_fp32,256,0.043104,778.4529,39,2026-05-09T12:05:34.363114,ok
13,rtx5060ti_cublas_fp32,256,0.050688,661.9798,39,2026-05-09T12:05:34.363193,ok
14,rtx5060ti_cublas_fp32,256,0.040096,836.8524,39,2026-05-09T12:05:34.363261,ok
15,rtx5060ti_cublas_fp32,256,0.038848,863.7364,39,2026-05-09T12:05:34.363326,ok
16,rtx5060ti_cublas_fp32,256,0.011008,3048.1860,39,2026-05-09T12:05:34.382261,ok
17,rtx5060ti_cublas_fp32,256,0.039712,844.9444,39,2026-05-09T12:05:34.382332,ok
18,rtx5060ti_cublas_fp32,256,0.039008,860.1936,39,2026-05-09T12:05:34.382395,ok
19,rtx5060ti_cublas_fp32,256,0.035712,939.5842,39,2026-05-09T12:05:34.382454,ok
20,rtx5060ti_cublas_fp32,256,0.036608,916.5874,39,2026-05-09T12:05:34.382512,ok
21,rtx5060ti_cublas_fp32,256,0.010848,3093.1446,39,2026-05-09T12:05:34.401386,ok
22,rtx5060ti_cublas_fp32,256,0.041792,802.8912,39,2026-05-09T12:05:34.401459,ok
23,rtx5060ti_cublas_fp32,256,0.037728,889.3774,39,2026-05-09T12:05:34.401522,ok
24,rtx5060ti_cublas_fp32,256,0.036736,913.3937,39,2026-05-09T12:05:34.401587,ok
25,rtx5060ti_cublas_fp32,256,0.036928,908.6447,39,2026-05-09T12:05:34.401652,ok
26,rtx5060ti_cublas_fp32,256,0.011008,3048.1860,39,2026-05-09T12:05:34.419980,ok
27,rtx5060ti_cublas_fp32,256,0.038560,870.1876,39,2026-05-09T12:05:34.420049,ok
28,rtx5060ti_cublas_fp32,256,0.038368,874.5421,39,2026-05-09T12:05:34.420112,ok
29,rtx5060ti_cublas_fp32,256,0.091648,366.1229,39,2026-05-09T12:05:34.420230,ok
30,rtx5060ti_cublas_fp32,256,0.042240,794.3757,39,2026-05-09T12:05:34.420301,ok
1,rtx5060ti_cublas_fp32,512,0.076672,3501.0884,40,2026-05-09T12:05:34.478329,ok
2,rtx5060ti_cublas_fp32,512,0.061248,4382.7627,40,2026-05-09T12:05:34.478428,ok
3,rtx5060ti_cublas_fp32,512,0.058336,4601.5402,40,2026-05-09T12:05:34.478513,ok
4,rtx5060ti_cublas_fp32,512,0.058176,4614.1958,40,2026-05-09T12:05:34.478597,ok
5,rtx5060ti_cublas_fp32,512,0.056832,4723.3153,40,2026-05-09T12:05:34.478679,ok
6,rtx5060ti_cublas_fp32,512,0.027872,9631.0081,40,2026-05-09T12:05:34.497562,ok
7,rtx5060ti_cublas_fp32,512,0.051680,5194.1847,40,2026-05-09T12:05:34.497643,ok
8,rtx5060ti_cublas_fp32,512,0.052640,5099.4579,40,2026-05-09T12:05:34.497723,ok
9,rtx5060ti_cublas_fp32,512,0.051072,5256.0199,40,2026-05-09T12:05:34.497802,ok
10,rtx5060ti_cublas_fp32,512,0.049056,5472.0208,40,2026-05-09T12:05:34.497874,ok
11,rtx5060ti_cublas_fp32,512,0.029440,9118.0520,40,2026-05-09T12:05:34.516368,ok
12,rtx5060ti_cublas_fp32,512,0.060288,4452.5520,40,2026-05-09T12:05:34.516459,ok
13,rtx5060ti_cublas_fp32,512,0.057312,4683.7565,40,2026-05-09T12:05:34.516542,ok
14,rtx5060ti_cublas_fp32,512,0.056768,4728.6404,40,2026-05-09T12:05:34.516623,ok
15,rtx5060ti_cublas_fp32,512,0.055584,4829.3657,40,2026-05-09T12:05:34.516702,ok
16,rtx5060ti_cublas_fp32,512,0.028192,9521.6888,40,2026-05-09T12:05:34.535823,ok
17,rtx5060ti_cublas_fp32,512,0.060800,4415.0568,40,2026-05-09T12:05:34.535915,ok
18,rtx5060ti_cublas_fp32,512,0.055904,4801.7217,40,2026-05-09T12:05:34.535996,ok
19,rtx5060ti_cublas_fp32,512,0.057024,4707.4120,40,2026-05-09T12:05:34.536078,ok
20,rtx5060ti_cublas_fp32,512,0.050656,5299.1840,40,2026-05-09T12:05:34.536163,ok
21,rtx5060ti_cublas_fp32,512,0.029248,9177.9084,40,2026-05-09T12:05:34.554266,ok
22,rtx5060ti_cublas_fp32,512,0.059456,4514.8591,40,2026-05-09T12:05:34.554356,ok
23,rtx5060ti_cublas_fp32,512,0.056768,4728.6404,40,2026-05-09T12:05:34.554438,ok
24,rtx5060ti_cublas_fp32,512,0.057408,4675.9241,40,2026-05-09T12:05:34.554519,ok
25,rtx5060ti_cublas_fp32,512,0.056960,4712.7010,40,2026-05-09T12:05:34.554601,ok
26,rtx5060ti_cublas_fp32,512,0.028288,9489.3758,40,2026-05-09T12:05:34.573225,ok
27,rtx5060ti_cublas_fp32,512,0.061760,4346.4290,40,2026-05-09T12:05:34.573317,ok
28,rtx5060ti_cublas_fp32,512,0.058368,4599.0175,40,2026-05-09T12:05:34.573401,ok
29,rtx5060ti_cublas_fp32,512,0.057056,4704.7718,40,2026-05-09T12:05:34.573483,ok
30,rtx5060ti_cublas_fp32,512,0.057440,4673.3191,40,2026-05-09T12:05:34.573565,ok
1,rtx5060ti_cublas_fp32,1024,0.208288,10310.1651,40,2026-05-09T12:05:34.631854,ok
2,rtx5060ti_cublas_fp32,1024,0.192608,11149.5040,40,2026-05-09T12:05:34.632083,ok
3,rtx5060ti_cublas_fp32,1024,0.185856,11554.5565,40,2026-05-09T12:05:34.632296,ok
4,rtx5060ti_cublas_fp32,1024,0.182816,11746.6943,40,2026-05-09T12:05:34.632506,ok
5,rtx5060ti_cublas_fp32,1024,0.156128,13754.6346,40,2026-05-09T12:05:34.633143,ok
6,rtx5060ti_cublas_fp32,1024,0.159264,13483.7984,40,2026-05-09T12:05:34.652032,ok
7,rtx5060ti_cublas_fp32,1024,0.189536,11330.2148,40,2026-05-09T12:05:34.652261,ok
8,rtx5060ti_cublas_fp32,1024,0.204160,10518.6305,40,2026-05-09T12:05:34.652501,ok
9,rtx5060ti_cublas_fp32,1024,0.189600,11326.3902,40,2026-05-09T12:05:34.652718,ok
10,rtx5060ti_cublas_fp32,1024,0.183392,11709.7998,40,2026-05-09T12:05:34.652926,ok
11,rtx5060ti_cublas_fp32,1024,0.158304,13565.5673,40,2026-05-09T12:05:34.672022,ok
12,rtx5060ti_cublas_fp32,1024,0.191008,11242.8989,40,2026-05-09T12:05:34.672244,ok
13,rtx5060ti_cublas_fp32,1024,0.186816,11495.1801,40,2026-05-09T12:05:34.672456,ok
14,rtx5060ti_cublas_fp32,1024,0.179712,11949.5842,40,2026-05-09T12:05:34.672656,ok
15,rtx5060ti_cublas_fp32,1024,0.156736,13701.2788,40,2026-05-09T12:05:34.673303,ok
16,rtx5060ti_cublas_fp32,1024,0.159136,13494.6441,40,2026-05-09T12:05:34.692974,ok
17,rtx5060ti_cublas_fp32,1024,0.189536,11330.2148,40,2026-05-09T12:05:34.693194,ok
18,rtx5060ti_cublas_fp32,1024,0.185504,11576.4814,40,2026-05-09T12:05:34.693405,ok
19,rtx5060ti_cublas_fp32,1024,0.179520,11962.3646,40,2026-05-09T12:05:34.693605,ok
20,rtx5060ti_cublas_fp32,1024,0.157728,13615.1072,40,2026-05-09T12:05:34.694246,ok
21,rtx5060ti_cublas_fp32,1024,0.196320,10938.6903,40,2026-05-09T12:05:34.713387,ok
22,rtx5060ti_cublas_fp32,1024,0.189792,11314.9320,40,2026-05-09T12:05:34.713607,ok
23,rtx5060ti_cublas_fp32,1024,0.178816,12009.4599,40,2026-05-09T12:05:34.713807,ok
24,rtx5060ti_cublas_fp32,1024,0.177952,12067.7687,40,2026-05-09T12:05:34.714015,ok
25,rtx5060ti_cublas_fp32,1024,0.157984,13593.0449,40,2026-05-09T12:05:34.714679,ok
26,rtx5060ti_cublas_fp32,1024,0.157088,13670.5776,41,2026-05-09T12:05:34.733792,ok
27,rtx5060ti_cublas_fp32,1024,0.182848,11744.6380,41,2026-05-09T12:05:34.734004,ok
28,rtx5060ti_cublas_fp32,1024,0.178016,12063.4301,41,2026-05-09T12:05:34.734208,ok
29,rtx5060ti_cublas_fp32,1024,0.181152,11854.5952,41,2026-05-09T12:05:34.734415,ok
30,rtx5060ti_cublas_fp32,1024,0.178080,12059.0946,41,2026-05-09T12:05:34.734616,ok
1,rtx5060ti_cublas_fp32,2048,1.112096,15448.1897,41,2026-05-09T12:05:34.799354,ok
2,rtx5060ti_cublas_fp32,2048,1.091424,15740.7839,41,2026-05-09T12:05:34.800475,ok
3,rtx5060ti_cublas_fp32,2048,1.067872,16087.9473,41,2026-05-09T12:05:34.802208,ok
4,rtx5060ti_cublas_fp32,2048,1.068128,16084.0923,41,2026-05-09T12:05:34.803819,ok
5,rtx5060ti_cublas_fp32,2048,1.085184,15831.2964,41,2026-05-09T12:05:34.804930,ok
6,rtx5060ti_cublas_fp32,2048,1.108288,15501.2672,41,2026-05-09T12:05:34.825298,ok
7,rtx5060ti_cublas_fp32,2048,1.091808,15735.2481,41,2026-05-09T12:05:34.826423,ok
8,rtx5060ti_cublas_fp32,2048,1.089280,15771.7658,41,2026-05-09T12:05:34.827541,ok
9,rtx5060ti_cublas_fp32,2048,1.084192,15845.7806,41,2026-05-09T12:05:34.828652,ok
10,rtx5060ti_cublas_fp32,2048,1.082112,15876.2401,41,2026-05-09T12:05:34.829759,ok
11,rtx5060ti_cublas_fp32,2048,1.068032,16085.5375,42,2026-05-09T12:05:34.849720,ok
12,rtx5060ti_cublas_fp32,2048,1.092672,15722.8055,42,2026-05-09T12:05:34.850841,ok
13,rtx5060ti_cublas_fp32,2048,1.087872,15792.1784,42,2026-05-09T12:05:34.851952,ok
14,rtx5060ti_cublas_fp32,2048,1.084032,15848.1191,42,2026-05-09T12:05:34.853059,ok
15,rtx5060ti_cublas_fp32,2048,1.090144,15759.2654,42,2026-05-09T12:05:34.854171,ok
16,rtx5060ti_cublas_fp32,2048,1.069024,16070.6118,42,2026-05-09T12:05:34.874488,ok
17,rtx5060ti_cublas_fp32,2048,1.099808,15620.7897,42,2026-05-09T12:05:34.875620,ok
18,rtx5060ti_cublas_fp32,2048,1.060064,16206.4459,42,2026-05-09T12:05:34.877346,ok
19,rtx5060ti_cublas_fp32,2048,1.070976,16041.3201,42,2026-05-09T12:05:34.879042,ok
20,rtx5060ti_cublas_fp32,2048,1.064096,16145.0373,42,2026-05-09T12:05:34.880753,ok
21,rtx5060ti_cublas_fp32,2048,1.177984,14584.1278,42,2026-05-09T12:05:34.900820,ok
22,rtx5060ti_cublas_fp32,2048,1.097440,15654.4951,42,2026-05-09T12:05:34.901949,ok
23,rtx5060ti_cublas_fp32,2048,1.087200,15801.9394,42,2026-05-09T12:05:34.903062,ok
24,rtx5060ti_cublas_fp32,2048,1.088256,15786.6064,42,2026-05-09T12:05:34.904175,ok
25,rtx5060ti_cublas_fp32,2048,1.087264,15801.0107,42,2026-05-09T12:05:34.905286,ok
26,rtx5060ti_cublas_fp32,2048,1.064192,16143.5796,42,2026-05-09T12:05:34.925500,ok
27,rtx5060ti_cublas_fp32,2048,1.094048,15703.0302,42,2026-05-09T12:05:34.926623,ok
28,rtx5060ti_cublas_fp32,2048,1.061632,16182.5082,42,2026-05-09T12:05:34.927822,ok
29,rtx5060ti_cublas_fp32,2048,1.092608,15723.7267,42,2026-05-09T12:05:34.928938,ok
30,rtx5060ti_cublas_fp32,2048,1.087712,15794.5011,42,2026-05-09T12:05:34.930047,ok
1,rtx5060ti_cublas_fp32,4096,8.026240,17123.7027,49,2026-05-09T12:05:35.035551,delta_temp_alto
2,rtx5060ti_cublas_fp32,4096,8.734720,15734.7860,49,2026-05-09T12:05:35.044324,delta_temp_alto
3,rtx5060ti_cublas_fp32,4096,8.315328,16528.3870,49,2026-05-09T12:05:35.052674,delta_temp_alto
4,rtx5060ti_cublas_fp32,4096,8.928448,15393.3761,49,2026-05-09T12:05:35.062233,delta_temp_alto
5,rtx5060ti_cublas_fp32,4096,8.110720,16945.3463,49,2026-05-09T12:05:35.070500,delta_temp_alto
6,rtx5060ti_cublas_fp32,4096,8.021536,17133.7454,49,2026-05-09T12:05:35.096201,delta_temp_alto
7,rtx5060ti_cublas_fp32,4096,8.959072,15340.7576,49,2026-05-09T12:05:35.105193,delta_temp_alto
8,rtx5060ti_cublas_fp32,4096,8.145984,16871.9898,49,2026-05-09T12:05:35.113373,delta_temp_alto
9,rtx5060ti_cublas_fp32,4096,9.677440,14201.9953,49,2026-05-09T12:05:35.123072,delta_temp_alto
10,rtx5060ti_cublas_fp32,4096,8.324864,16509.4525,49,2026-05-09T12:05:35.131421,delta_temp_alto
11,rtx5060ti_cublas_fp32,4096,8.217120,16725.9272,58,2026-05-09T12:05:35.158796,delta_temp_alto
12,rtx5060ti_cublas_fp32,4096,8.784448,15645.7137,58,2026-05-09T12:05:35.167606,delta_temp_alto
13,rtx5060ti_cublas_fp32,4096,8.111616,16943.4736,58,2026-05-09T12:05:35.175832,delta_temp_alto
14,rtx5060ti_cublas_fp32,4096,9.055200,15177.9043,58,2026-05-09T12:05:35.184910,delta_temp_alto
15,rtx5060ti_cublas_fp32,4096,8.167776,16826.9737,58,2026-05-09T12:05:35.193100,delta_temp_alto
16,rtx5060ti_cublas_fp32,4096,8.023680,17129.1674,58,2026-05-09T12:05:35.219490,delta_temp_alto
17,rtx5060ti_cublas_fp32,4096,8.986816,15293.3973,58,2026-05-09T12:05:35.228509,delta_temp_alto
18,rtx5060ti_cublas_fp32,4096,8.142720,16878.7518,58,2026-05-09T12:05:35.236683,delta_temp_alto
19,rtx5060ti_cublas_fp32,4096,9.225248,14898.1305,58,2026-05-09T12:05:35.245931,delta_temp_alto
20,rtx5060ti_cublas_fp32,4096,9.082816,15131.7556,58,2026-05-09T12:05:35.255037,delta_temp_alto
21,rtx5060ti_cublas_fp32,4096,8.552640,16069.7696,58,2026-05-09T12:05:35.281405,delta_temp_alto
22,rtx5060ti_cublas_fp32,4096,8.323840,16511.4840,58,2026-05-09T12:05:35.289763,delta_temp_alto
23,rtx5060ti_cublas_fp32,4096,9.243584,14868.5789,58,2026-05-09T12:05:35.299038,delta_temp_alto
24,rtx5060ti_cublas_fp32,4096,9.069312,15154.2865,58,2026-05-09T12:05:35.308131,delta_temp_alto
25,rtx5060ti_cublas_fp32,4096,8.354528,16450.8332,58,2026-05-09T12:05:35.316509,delta_temp_alto
26,rtx5060ti_cublas_fp32,4096,8.551744,16071.4523,57,2026-05-09T12:05:35.344515,delta_temp_alto
27,rtx5060ti_cublas_fp32,4096,8.136128,16892.4268,57,2026-05-09T12:05:35.352677,delta_temp_alto
28,rtx5060ti_cublas_fp32,4096,9.074496,15145.6290,57,2026-05-09T12:05:35.361776,delta_temp_alto
29,rtx5060ti_cublas_fp32,4096,8.346336,16466.9799,57,2026-05-09T12:05:35.370151,delta_temp_alto
30,rtx5060ti_cublas_fp32,4096,8.897376,15447.1332,57,2026-05-09T12:05:35.379070,delta_temp_alto
